num_oracles,read_tx_fraction,1_stage,2_stage,3_stage,4_stage
1,0.3,0.201476,0.619497,0.886592,0.970189,
1,0.6,0.204015,0.59736,0.882081,0.965165,
1,0.9,0.186898,0.549747,0.847708,0.929933,
2,0.3,0.207926,0.611304,0.895923,0.962542,
2,0.6,0.198861,0.610604,0.87187,0.969641,
2,0.9,0.190483,0.565684,0.875256,0.962853,
3,0.3,0.199828,0.593302,0.883297,0.967038,
3,0.6,0.192942,0.614574,0.878152,0.96701,
3,0.9,0.191325,0.592574,0.86937,0.964476,
