num_oracles,read_tx_fraction,1_stage,2_stage,3_stage,4_stage
1,0.3,0.128889,0.222798,0.391991,0.527424,
1,0.6,0.128184,0.223471,0.392909,0.523591,
1,0.9,0.129528,0.225075,0.398019,0.527537,
2,0.3,0.12897,0.230633,0.388968,0.533701,
2,0.6,0.127673,0.221815,0.384747,0.538563,
2,0.9,0.127304,0.229465,0.382303,0.541885,
3,0.3,0.12993,0.226222,0.397814,0.549133,
3,0.6,0.128935,0.21463,0.390494,0.522586,
3,0.9,0.127758,0.223062,0.371973,0.527635,
